https://scratch.mit.edu/studios/5897153/, animation-L2/, 5
https://scratch.mit.edu/studios/8317707/, animation-L2/, 6
https://scratch.mit.edu/studios/6236126/, animation-L2/, 6
https://scratch.mit.edu/studios/6234695/, animation-L2/, 6
https://scratch.mit.edu/studios/10285659/, animation-L2/, 4
https://scratch.mit.edu/studios/7983283/, animation-L2/, 7
https://scratch.mit.edu/studios/7983275/, animation-L2/, 7
https://scratch.mit.edu/studios/11241898/, animation-L2/, 5
https://scratch.mit.edu/studios/11231934/, animation-L2/, 5
https://scratch.mit.edu/studios/6027084/, animation-L2/, 8
https://scratch.mit.edu/studios/6027079/, animation-L2/, 7
https://scratch.mit.edu/studios/6027072/, animation-L2/, 6
