6JCL219,https://scratch.mit.edu/projects/304938059/
19JCL219,https://scratch.mit.edu/projects/304935343/
17JCL219,https://scratch.mit.edu/projects/304934600/
11JCL219,https://scratch.mit.edu/projects/304933846/
2JCL219,https://scratch.mit.edu/projects/304683345/
15JCL219,https://scratch.mit.edu/projects/304682141/
26JCL219,https://scratch.mit.edu/projects/304681428/
18JCL219,https://scratch.mit.edu/projects/304681246/
25JCL219,https://scratch.mit.edu/projects/304681076/
9JCL219,https://scratch.mit.edu/projects/304681027/
12JCL219,https://scratch.mit.edu/projects/304679733/
8JCL219,https://scratch.mit.edu/projects/304679670/
14JCL219,https://scratch.mit.edu/projects/304679436/
23JCL219,https://scratch.mit.edu/projects/304678812/
1JCL219,https://scratch.mit.edu/projects/304678382/
4JCL219,https://scratch.mit.edu/projects/304678636/
13JCL219,https://scratch.mit.edu/projects/304677887/
24JCL219,https://scratch.mit.edu/projects/304676591/
3JCL219,https://scratch.mit.edu/projects/304676181/
7JCL219,https://scratch.mit.edu/projects/304675160/
22JCL219,https://scratch.mit.edu/projects/304675117/
6JCL219,https://scratch.mit.edu/projects/304938059/
19JCL219,https://scratch.mit.edu/projects/304935343/
17JCL219,https://scratch.mit.edu/projects/304934600/
11JCL219,https://scratch.mit.edu/projects/304933846/
2JCL219,https://scratch.mit.edu/projects/304683345/
15JCL219,https://scratch.mit.edu/projects/304682141/
26JCL219,https://scratch.mit.edu/projects/304681428/
18JCL219,https://scratch.mit.edu/projects/304681246/
25JCL219,https://scratch.mit.edu/projects/304681076/
9JCL219,https://scratch.mit.edu/projects/304681027/
12JCL219,https://scratch.mit.edu/projects/304679733/
8JCL219,https://scratch.mit.edu/projects/304679670/
14JCL219,https://scratch.mit.edu/projects/304679436/
23JCL219,https://scratch.mit.edu/projects/304678812/
1JCL219,https://scratch.mit.edu/projects/304678382/
4JCL219,https://scratch.mit.edu/projects/304678636/
13JCL219,https://scratch.mit.edu/projects/304677887/
24JCL219,https://scratch.mit.edu/projects/304676591/
3JCL219,https://scratch.mit.edu/projects/304676181/
7JCL219,https://scratch.mit.edu/projects/304675160/
22JCL219,https://scratch.mit.edu/projects/304675117/
