https://scratch.mit.edu/studios/20135535/,A,events-L2/,7
https://scratch.mit.edu/studios/18596059,B,events-L2/,7
https://scratch.mit.edu/studios/18604870,B,events-L2/,7
https://scratch.mit.edu/studios/18268940,D,events-L2/,8
https://scratch.mit.edu/studios/18404783,D,events-L2/,7
https://scratch.mit.edu/studios/18445469,E,events-L2/,4
https://scratch.mit.edu/studios/18612166,E,events-L2/,5
https://scratch.mit.edu/studios/18635472,F,events-L2/,6
https://scratch.mit.edu/studios/19400367,F,events-L2/,6
https://scratch.mit.edu/studios/19407968,F,events-L2/,6
https://scratch.mit.edu/studios/19413069,F,events-L2/,6
https://scratch.mit.edu/studios/19427383,F,events-L2/,6
https://scratch.mit.edu/studios/19469300,G,events-L2/,5
https://scratch.mit.edu/studios/19412343,H,events-L2/,5
https://scratch.mit.edu/studios/19418070,H,events-L2/,6
