https://scratch.mit.edu/studios/5723097/, events-L1/, 5
https://scratch.mit.edu/studios/8131596/, events-L1/, 6
https://scratch.mit.edu/studios/6085102/, events-L1/, 6
https://scratch.mit.edu/studios/8244254/, events-L1/, 6
https://scratch.mit.edu/studios/5980190/, events-L1/, 6
https://scratch.mit.edu/studios/6072643/, events-L1/, 6
https://scratch.mit.edu/studios/8059153/, events-L1/, 3
https://scratch.mit.edu/studios/5973532/, events-L1/, 4
https://scratch.mit.edu/studios/5929274/, events-L1/, 5
https://scratch.mit.edu/studios/6019509/, events-L1/, 7
https://scratch.mit.edu/studios/6019489/, events-L1/, 7
https://scratch.mit.edu/studios/8246595/, events-L1/, 5
