https://scratch.mit.edu/studios/5840171/, animation-L1/, 5
https://scratch.mit.edu/studios/13437638/, animation-L1/, 6
https://scratch.mit.edu/studios/13437565/, animation-L1/, 6
https://scratch.mit.edu/studios/8317705/, animation-L1/, 6
https://scratch.mit.edu/studios/13437996/, animation-L1/, 6, teacher?
https://scratch.mit.edu/studios/6234551/, animation-L1/, 6
https://scratch.mit.edu/studios/6191320/, animation-L1/, 6
https://scratch.mit.edu/studios/5997391/, animation-L1/, 6
https://scratch.mit.edu/studios/8701936/, animation-L1/, 6
https://scratch.mit.edu/studios/8306028/, animation-L1/, 4
https://scratch.mit.edu/studios/6086693/, animation-L1/, 5
https://scratch.mit.edu/studios/7413908/, animation-L1/, 7
https://scratch.mit.edu/studios/7413862/, animation-L1/, 7
https://scratch.mit.edu/studios/9559985/, animation-L1/, 5
https://scratch.mit.edu/studios/9559984/, animation-L1/, 5
https://scratch.mit.edu/studios/5998992/, animation-L1/, 8
https://scratch.mit.edu/studios/5998989/, animation-L1/, 6
https://scratch.mit.edu/studios/5998987/, animation-L1/, 7


